﻿<?xml version="1.0" encoding="UTF-8"?>
<?mso-application progid="Excel.Sheet"?>
<Workbook xmlns:ss="urn:schemas-microsoft-com:office:spreadsheet" xmlns:o="urn:schemas-microsoft-com:office:office" xmlns:x="urn:schemas-microsoft-com:office:excel" xmlns="urn:schemas-microsoft-com:office:spreadsheet">
<Styles>
<Style ss:ID="GeneralDate">
<NumberFormat ss:Format="General Date"/>
</Style>
</Styles>
<Worksheet ss:Name="Worksheet1">
<Table>
<Column ss:Width="146"></Column><Column ss:Width="68"></Column><Column ss:Width="72"></Column><Column ss:Width="60"></Column><Column ss:Width="63"></Column><Column ss:Width="89"></Column><Column ss:Width="54"></Column><Column ss:Width="54"></Column><Column ss:Width="54"></Column><Column ss:Width="68"></Column><Column ss:Width="279"></Column><Column ss:Width="67"></Column><Row>
<Cell ss:Index="1"><Data ss:Type="String">Function Name</Data></Cell><Cell ss:Index="2"><Data ss:Type="String">Module
ID</Data></Cell><Cell ss:Index="3"><Data ss:Type="String">Function
ID</Data></Cell><Cell ss:Index="4"><Data ss:Type="String">Count</Data></Cell><Cell ss:Index="5"><Data ss:Type="String">Device
%</Data></Cell><Cell ss:Index="6"><Data ss:Type="String">Device Time
(μs)</Data></Cell><Cell ss:Index="7"><Data ss:Type="String">Min
(μs)</Data></Cell><Cell ss:Index="8"><Data ss:Type="String">Avg
(μs)</Data></Cell><Cell ss:Index="9"><Data ss:Type="String">Max
(μs)</Data></Cell><Cell ss:Index="10"><Data ss:Type="String">Context
ID</Data></Cell><Cell ss:Index="11"><Data ss:Type="String">Signature</Data></Cell><Cell ss:Index="12"><Data ss:Type="String">Process
ID</Data></Cell></Row>
<Row>
<Cell  ss:Index="1"><Data ss:Type="String">convolution_2D_basic_kernel</Data></Cell><Cell  ss:Index="2"><Data ss:Type="Number">12</Data></Cell><Cell  ss:Index="3"><Data ss:Type="Number">5</Data></Cell><Cell  ss:Index="4"><Data ss:Type="Number">1</Data></Cell><Cell  ss:Index="5"><Data ss:Type="Number">3.14</Data></Cell><Cell  ss:Index="6"><Data ss:Type="Number">8052.373</Data></Cell><Cell  ss:Index="7"><Data ss:Type="Number">8052.373</Data></Cell><Cell  ss:Index="8"><Data ss:Type="Number">8052.373</Data></Cell><Cell  ss:Index="9"><Data ss:Type="Number">8052.373</Data></Cell><Cell  ss:Index="10"><Data ss:Type="Number">1</Data></Cell><Cell  ss:Index="11"><Data ss:Type="String">convolution_2D_basic_kernel(float*, float*, float*, int, int)</Data></Cell><Cell  ss:Index="12"><Data ss:Type="Number">11156</Data></Cell></Row>
</Table>
<AutoFilter x:Range="R1C1:R1C12" xmlns="urn:schemas-microsoft-com:office:excel"></AutoFilter>
</Worksheet>
</Workbook>
